<?xml version="1.0" encoding="UTF-8" standalone="yes"?>
<!--
 Copyright (c) 2019 SAP SE or an SAP affiliate company. All rights reserved.
-->
<config xmlns="http://www.hybris.com/cockpit/config"
	xmlns:na="http://www.hybris.com/cockpitng/config/notifications">

	<context merge-by="module" component="editorareaactions" type="Consignment">
		<y:actions xmlns:y="http://www.hybris.com/cockpit/config/hybris">
			<y:group qualifier="common">
				<y:label>actiongroup.common</y:label>				
				<y:action action-id="org.training.backoffice.actions.confirmpickupaction" property="currentObject"/>				
			</y:group>
		</y:actions>
    </context>

	<!-- Notification Area-->
	<context component="notification-area">
	    <na:notification-area>	        
	        <na:notifications eventType="trainingbackoffice.confirmpickup.event" level="SUCCESS">
	            <na:message>hmc.action.confirmpickup.success</na:message>
	        </na:notifications>
	   </na:notification-area>
	</context>
	
	
	
<context component="explorer-tree" merge-by="module">	
	<n:explorer-tree xmlns:n="http://www.hybris.com/cockpitng/config/explorertree"> <n:navigation-node id="MyTraining">
		<n:type-node id="Courses" code="Courses" /> </n:navigation-node>
	</n:explorer-tree>
</context>

<context type="Courses" component="listview">
	<list:list-view xmlns:list="http://www.hybris.com/cockpitng/component/listView"> 
		<list:column qualifier="code"/>
		<list:column qualifier="name"/>
		<list:column qualifier="duration"/>
		<list:column qualifier="amount"/> 
	</list:list-view>
</context>
	
	

</config>
