<?xml version="1.0" encoding="ISO-8859-1"?>
<!--
 Copyright (c) 2019 SAP SE or an SAP affiliate company. All rights reserved.
-->
<!--
	ATTENTION: This is just an example file. You have to edit it according to your needs.
-->

<items 	xmlns:xsi="http://www.w3.org/2001/XMLSchema-instance"
			xsi:noNamespaceSchemaLocation="items.xsd">

	<itemtypes>
		<itemtype code="Courses" generate="true" autocreate="true">
			<deployment table="TrainingCourses" typecode="10128"/>
			<attributes>
			<attribute qualifier="code" type="localized:java.lang.String">
				<persistence type="property"/>
				<modifiers optional="false" unique="true"/>
			</attribute>
			<attribute qualifier="name" type="localized:java.lang.String">
				<persistence type="property"/>
				<modifiers optional="false"/>
			</attribute>
			<attribute qualifier="duration" type="localized:java.lang.String">
				<persistence type="property"/>
				<modifiers optional="false"/>
			</attribute>
			<attribute qualifier="amount" type="localized:java.lang.Integer">
				<persistence type="property"/>
				<modifiers optional="false"/>
			</attribute>
			
			</attributes>
		</itemtype>

	</itemtypes>
</items>
